{"Logistic Regression": {"Accuracy": 80.82000000000001, "Precision": 80.82000000000001, "Recall": 80.82000000000001, "F1 Score": 80.82000000000001}, "Naive Bayes": {"Accuracy": 78.84, "Precision": 78.84, "Recall": 78.84, "F1 Score": 78.84}, "KNN": {"Accuracy": 74.57000000000001, "Precision": 74.57000000000001, "Recall": 74.57000000000001, "F1 Score": 74.57000000000001}, "SGD": {"Accuracy": 59.43000000000001, "Precision": 59.43000000000001, "Recall": 59.43000000000001, "F1 Score": 59.43000000000001}, "XGB": {"Accuracy": 55.84, "Precision": 55.84, "Recall": 55.84, "F1 Score": 55.84}}