{"Logistic Regression": {"Accuracy": 83.15, "Precision": 83.15, "Recall": 83.15, "F1 Score": 83.15}, "Naive Bayes": {"Accuracy": 82.14, "Precision": 82.14, "Recall": 82.14, "F1 Score": 82.14}, "KNN": {"Accuracy": 75.51, "Precision": 75.51, "Recall": 75.51, "F1 Score": 75.51}, "SGD": {"Accuracy": 72.88, "Precision": 72.88, "Recall": 72.88, "F1 Score": 72.88}, "XGB": {"Accuracy": 55.910000000000004, "Precision": 55.910000000000004, "Recall": 55.910000000000004, "F1 Score": 55.910000000000004}}